rank,university_name,country
1,Massachusetts Institute of Technology,United States
2,Imperial College London,United Kingdom
3,University of Oxford,United Kingdom
4,Harvard University,United States
5,University of Cambridge,United Kingdom
6,Stanford University,United States
7,ETH Zurich,Switzerland
8,National University of Singapore,Singapore
9,UCL,United Kingdom
10,California Institute of Technology,United States
11,University of Chicago,United States
12,University of Pennsylvania,United States
13,Cornell University,United States
14,University of Michigan,United States
15,Johns Hopkins University,United States
16,Yale University,United States
17,Columbia University,United States
18,Princeton University,United States
19,University of Edinburgh,United Kingdom
20,University of Toronto,Canada
21,King's College London,United Kingdom
22,University of Manchester,United Kingdom
23,EPFL,Switzerland
24,McGill University,Canada
25,Peking University,China
26,Duke University,United States
27,Northwestern University,United States
28,University of California Berkeley,United States
29,University of British Columbia,Canada
30,Seoul National University,South Korea
31,University of Melbourne,Australia
32,New York University,United States
33,University of Sydney,Australia
34,London School of Economics,United Kingdom
35,University of Glasgow,United Kingdom
36,Delft University of Technology,Netherlands
37,University of Auckland,New Zealand
38,University of Bristol,United Kingdom
39,University of Amsterdam,Netherlands
40,Lund University,Sweden
41,Durham University,United Kingdom
42,University of Birmingham,United Kingdom
43,University of Leeds,United Kingdom
44,University of Sheffield,United Kingdom
45,University of Southampton,United Kingdom
46,University of Nottingham,United Kingdom
47,University of Warwick,United Kingdom
48,Georgia Institute of Technology,United States
49,University of Texas at Austin,United States
50,Purdue University,United States
51,Ohio State University,United States
52,Pennsylvania State University,United States
53,University of Wisconsin-Madison,United States
54,University of Washington,United States
55,University of California Los Angeles,United States
56,University of California San Diego,United States
57,Carnegie Mellon University,United States
58,Brown University,United States
59,Dartmouth College,United States
60,Vanderbilt University,United States
601,University of Chester,United Kingdom
801,Southeast Missouri State University,United States
