journal_name,sjr_score,sjr_quartile,scopus_pct,issn
Nature,24.270,Q1,99.9,0028-0836
Science,23.850,Q1,99.8,0036-8075
Cell,18.932,Q1,99.7,0092-8674
IEEE Transactions on Neural Networks and Learning Systems,8.432,Q1,97.5,2162-237X
IEEE Transactions on Pattern Analysis and Machine Intelligence,8.201,Q1,97.2,0162-8828
IEEE Transactions on Image Processing,6.712,Q1,95.8,1057-7149
IEEE Transactions on Information Theory,5.891,Q1,94.5,0018-9448
IEEE Transactions on Cybernetics,5.432,Q1,93.8,2168-2267
IEEE Access,1.930,Q2,75.2,2169-3536
ACM Computing Surveys,7.120,Q1,96.5,0360-0300
Journal of Machine Learning Research,5.340,Q1,93.5,1532-4435
Artificial Intelligence,5.120,Q1,92.8,0004-3702
Pattern Recognition,4.231,Q1,90.2,0031-3203
Expert Systems with Applications,3.920,Q1,88.5,0957-4174
Knowledge-Based Systems,3.750,Q1,87.3,0950-7051
Neural Networks,4.012,Q1,89.7,0893-6080
Computers and Security,3.120,Q1,83.4,0167-4048
Journal of Information Security and Applications,2.340,Q2,78.2,2214-2126
Cybersecurity,2.180,Q2,76.8,2523-3246
International Journal of Information Security,2.050,Q2,74.5,1615-5262
Future Generation Computer Systems,3.420,Q1,85.6,0167-739X
Journal of Network and Computer Applications,3.210,Q1,84.3,1084-8045
Computer Networks,2.980,Q1,82.1,1389-1286
Information Sciences,4.100,Q1,89.4,0020-0255
Applied Soft Computing,3.650,Q1,86.9,1568-4946
